Name,Given Name,Additional Name,Family Name,Yomi Name,Given Name Yomi,Additional Name Yomi,Family Name Yomi,Name Prefix,Name Suffix,Initials,Nickname,Short Name,Maiden Name,Birthday,Gender,Location,Billing Information,Directory Server,Mileage,Occupation,Hobby,Sensitivity,Priority,Subject,Notes,Language,Photo,Group Membership,E-mail 1 - Type,E-mail 1 - Value,Phone 1 - Type,Phone 1 - Value,Address 1 - Type,Address 1 - Formatted,Address 1 - Street,Address 1 - City,Address 1 - PO Box,Address 1 - Region,Address 1 - Postal Code,Address 1 - Country,Address 1 - Extended Address
<recipient_name>,<recipient_name>,,,,,,,,,,,,,,,,,,,,,,,,"Notes on Recipient from Onfleet: <recipient_notes> 

ONFLEET ORDER NOTES
Onfleet Task ID:  <task_short_id> created at <task_creation_time>

",,,* myContacts,,,Mobile,<recipient_phone_number>,,"<address_street_number> <address_street_name>
<address_city>, <address_state> <address_postal_code>","<address_street_number> <address_street_name>, ",<address_city>,,<address_state>,<address_postal_code>,,
Aaron Mercer,Aaron Mercer,,,,,,,,,,,,,,,,,,,,,,,,"Notes on Recipient from Onfleet: DOB: 02/22/2001
Email: dontbenosy202@gmail.com 

ONFLEET ORDER NOTES
Onfleet Task ID:  bf635201 created at 1683746968000
View order: https://dhcie.biz/c/Eq1DarSc

Order Number: 702002218

Products:
Glittlez PreRoll
Option: .5g
Quantity: 1
Brand: High Desert Relief
Price: 3
-----------
Purple Punch PreRoll
Option: .5g
Quantity: 1
Brand: Synergy Extracts
Price: 3
-----------

productSubtotal: $10.00
discount: $4.00
deliveryFee: $15.00
cannabisTax: $0.71
salesTax: $0.48
total: $22.19",,,* myContacts,,,Mobile,15054096574,,"1919 Ladera Drive Northwest, Apt 402 bldg 4
Albuquerque, NM 87120","1919 Ladera Drive Northwest, Apt 402 bldg 4",Albuquerque,,NM,87120,,
Aaron Mercer,Aaron Mercer,,,,,,,,,,,,,,,,,,,,,,,,"Notes on Recipient from Onfleet: DOB: 02/22/2001
Email: Libradolovato2008@gmail.com 

ONFLEET ORDER NOTES
Onfleet Task ID:  1cf01453 created at 1682108337000
View order: https://dhcie.org/c/D5STqHhF

Order Number: 311995008

Products:
Khem Dawg Live Diamonds
Option: 1g
Quantity: 1
Brand: Honey Hole Cannabis Co.
Price: 45
-----------
Dab Rig
Option: N/A
Quantity: 1
Brand: Kurple Distribution
Price: 40
-----------
Glittlez PreRoll
Option: 1g
Quantity: 1
Brand: High Desert Relief
Price: 6
-----------

productSubtotal: $109.00
discount: $18.00
deliveryFee: $15.00
cannabisTax: $6.13
salesTax: $7.16
total: $119.29",,,* myContacts,,,Mobile,15053502078,,"1919 Ladera Drive Northwest, Apt 402 bldg 4
Albuquerque, NM 87120","1919 Ladera Drive Northwest, Apt 402 bldg 4",Albuquerque,,NM,87120,,
Aaron Winder,Aaron Winder,,,,,,,,,,,,,,,,,,,,,,,,"Notes on Recipient from Onfleet: 

ONFLEET ORDER NOTES
Onfleet Task ID:  723c76aa created at 1687725314000
Leafly Order ID: 13648369
Order Total (tax incl.): 59.86
Item Summary:
3.5g Banana Punch (H)
3.5g Papaya (I)",,,* myContacts,,,Mobile,15039159312,,"1807 ridgecrest dr se, 2
Albuquerque, NM","1807 ridgecrest dr se, 2",Albuquerque,,NM,,,
Adrian Scott,Adrian Scott,,,,,,,,,,,,,,,,,,,,,,,,"Notes on Recipient from Onfleet: DOB: 11/07/1995 

ONFLEET ORDER NOTES
Onfleet Task ID:  75f94ab5 created at 1687995344000
View order: https://dhcie.biz/c/6SsY6tI3

Order Number: 555424053

Products:
Power Outage
Option: 1/8oz
Quantity: 1
Brand: The Grower Circle
Price: 50
-----------

productSubtotal: $50.00
deliveryFee: $5.00
cannabisTax: $6.00
salesTax: $4.34
total: $65.34",,,* myContacts,,,Mobile,18325514684,,"2501 University Blvd NE
Albuquerque, NM 87107","2501 University Blvd NE,",Albuquerque,,NM,87107,,
Aimee Broussard,Aimee Broussard,,,,,,,,,,,,,,,,,,,,,,,,"Notes on Recipient from Onfleet: DOB: 08/12/1951
Email: Lucidindigo@aol.com
Medical Card:  

ONFLEET ORDER NOTES
Onfleet Task ID:  01c17cb4 created at 1680551426000
View order: https://dhcie.org/c/oHpKmpkI

Order Number: 266242493

Products:
Super Lemon OG PreRoll
Option: 1g
Quantity: 2
Brand: Manzano Partners
Price: 7.5
-----------
Chem x Long Valley OG PreRoll
Option: 1g
Quantity: 2
Brand: True Roots
Price: 18
-----------
Girl Scout Cookies PreRoll
Option: 1g
Quantity: 2
Brand: Colfax Cannabis Company
Price: 18
-----------
Lemon Kush PreRoll
Option: 1g
Quantity: 2
Brand: Oui'd
Price: 18
-----------
Manzano Express PreRoll
Option: 1g
Quantity: 2
Brand: LX Farms
Price: 18
-----------
Gushers PreRoll
Option: 1g
Quantity: 1
Brand: ABQ Cannabis Corp.
Price: 9
-----------
Psychedelic Sugar Cookies
Option: 1g
Quantity: 2
Brand: Herbal Edibles
Price: 19.5
-----------

productSubtotal: $144.00
discount: $36.00
deliveryFee: $10.00
cannabisTax: $12.95
salesTax: $8.52
total: $139.47",,,* myContacts,,,Mobile,15055151755,,"7100 Louisiana Boulevard Northeast, E207
Albuquerque, NM 87109","7100 Louisiana Boulevard Northeast, E207",Albuquerque,,NM,87109,,
Aimee Broussard,Aimee Broussard,,,,,,,,,,,,,,,,,,,,,,,,"Notes on Recipient from Onfleet: DOB: 08/12/1951
Email: Lucidindigo@aol.com
Medical Card:  

ONFLEET ORDER NOTES
Onfleet Task ID:  7b6ec9ca created at 1683151808000
View order: https://dhcie.com/c/Melq5JNO

Order Number: 860482091

Products:
Melonade 2.0 PreRoll
Option: 1g
Quantity: 2
Brand: High Desert Relief
Price: 10
-----------
LA Kush Cake PreRoll
Option: 1g
Quantity: 2
Brand: Spacemen Originals
Price: 18
-----------
Sour Diesel x Kush Mints PreRoll
Option: .5g
Quantity: 2
Brand: High Desert Relief
Price: 6
-----------
Chem x Long Valley OG PreRoll
Option: 1g
Quantity: 3
Brand: True Roots
Price: 27
-----------
Manzano Express PreRoll
Option: 1g
Quantity: 2
Brand: LX Farms
Price: 18
-----------
Kraft PreRoll
Option: 1g
Quantity: 1
Brand: LX Farms
Price: 9
-----------
Cherries and Cream Chocolate Bar 40mg
Option: .4g
Quantity: 2
Brand: Bhang
Price: 11.26
-----------

productSubtotal: $115.00
discount: $15.75
deliveryFee: $10.00
cannabisTax: $11.90
salesTax: $7.83
total: $128.98",,,* myContacts,,,Mobile,15055151755,,"7100 Louisiana Boulevard Northeast, E207
Albuquerque, NM 87109","7100 Louisiana Boulevard Northeast, E207",Albuquerque,,NM,87109,,